{
  "['liblinear', 'l2']": {
    "precision": 0.6073113207547169,
    "meanrank": 21.57311320754717
  },
  "['newton-cg', 'l2']": {
    "precision": 0.6096698113207547,
    "meanrank": 21.02240566037736
  },
  "['lbfgs', 'l2']": {
    "precision": 0.6084905660377359,
    "meanrank": 21.01061320754717
  },
  "['sag', 'l2']": {
    "precision": 0.6096698113207547,
    "meanrank": 21.02122641509434
  },
  "['liblinear', 'l1']": {
    "precision": 0.6014150943396226,
    "meanrank": 21.5436320754717
  },
  "['saga', 'l1']": {
    "precision": 0.6028350943396226,
    "meanrank": 21.684103773584907
  },
  "['saga', 'l2']": {
    "precision": 0.6096698113207547,
    "meanrank": 21.02240566037736
  }
}